"Species","Part","Length","Width"
"setosa","Petal",1.4,0.2
"setosa","Petal",1.4,0.2
"setosa","Petal",1.3,0.2
"setosa","Petal",1.5,0.2
"setosa","Petal",1.4,0.2
"setosa","Petal",1.7,0.4
"setosa","Petal",1.4,0.3
"setosa","Petal",1.5,0.2
"setosa","Petal",1.4,0.2
"setosa","Petal",1.5,0.1
"setosa","Petal",1.5,0.2
"setosa","Petal",1.6,0.2
"setosa","Petal",1.4,0.1
"setosa","Petal",1.1,0.1
"setosa","Petal",1.2,0.2
"setosa","Petal",1.5,0.4
"setosa","Petal",1.3,0.4
"setosa","Petal",1.4,0.3
"setosa","Petal",1.7,0.3
"setosa","Petal",1.5,0.3
"setosa","Petal",1.7,0.2
"setosa","Petal",1.5,0.4
"setosa","Petal",1,0.2
"setosa","Petal",1.7,0.5
"setosa","Petal",1.9,0.2
"setosa","Petal",1.6,0.2
"setosa","Petal",1.6,0.4
"setosa","Petal",1.5,0.2
"setosa","Petal",1.4,0.2
"setosa","Petal",1.6,0.2
"setosa","Petal",1.6,0.2
"setosa","Petal",1.5,0.4
"setosa","Petal",1.5,0.1
"setosa","Petal",1.4,0.2
"setosa","Petal",1.5,0.2
"setosa","Petal",1.2,0.2
"setosa","Petal",1.3,0.2
"setosa","Petal",1.4,0.1
"setosa","Petal",1.3,0.2
"setosa","Petal",1.5,0.2
"setosa","Petal",1.3,0.3
"setosa","Petal",1.3,0.3
"setosa","Petal",1.3,0.2
"setosa","Petal",1.6,0.6
"setosa","Petal",1.9,0.4
"setosa","Petal",1.4,0.3
"setosa","Petal",1.6,0.2
"setosa","Petal",1.4,0.2
"setosa","Petal",1.5,0.2
"setosa","Petal",1.4,0.2
"setosa","Sepal",5.1,3.5
"setosa","Sepal",4.9,3
"setosa","Sepal",4.7,3.2
"setosa","Sepal",4.6,3.1
"setosa","Sepal",5,3.6
"setosa","Sepal",5.4,3.9
"setosa","Sepal",4.6,3.4
"setosa","Sepal",5,3.4
"setosa","Sepal",4.4,2.9
"setosa","Sepal",4.9,3.1
"setosa","Sepal",5.4,3.7
"setosa","Sepal",4.8,3.4
"setosa","Sepal",4.8,3
"setosa","Sepal",4.3,3
"setosa","Sepal",5.8,4
"setosa","Sepal",5.7,4.4
"setosa","Sepal",5.4,3.9
"setosa","Sepal",5.1,3.5
"setosa","Sepal",5.7,3.8
"setosa","Sepal",5.1,3.8
"setosa","Sepal",5.4,3.4
"setosa","Sepal",5.1,3.7
"setosa","Sepal",4.6,3.6
"setosa","Sepal",5.1,3.3
"setosa","Sepal",4.8,3.4
"setosa","Sepal",5,3
"setosa","Sepal",5,3.4
"setosa","Sepal",5.2,3.5
"setosa","Sepal",5.2,3.4
"setosa","Sepal",4.7,3.2
"setosa","Sepal",4.8,3.1
"setosa","Sepal",5.4,3.4
"setosa","Sepal",5.2,4.1
"setosa","Sepal",5.5,4.2
"setosa","Sepal",4.9,3.1
"setosa","Sepal",5,3.2
"setosa","Sepal",5.5,3.5
"setosa","Sepal",4.9,3.6
"setosa","Sepal",4.4,3
"setosa","Sepal",5.1,3.4
"setosa","Sepal",5,3.5
"setosa","Sepal",4.5,2.3
"setosa","Sepal",4.4,3.2
"setosa","Sepal",5,3.5
"setosa","Sepal",5.1,3.8
"setosa","Sepal",4.8,3
"setosa","Sepal",5.1,3.8
"setosa","Sepal",4.6,3.2
"setosa","Sepal",5.3,3.7
"setosa","Sepal",5,3.3
"versicolor","Petal",4.7,1.4
"versicolor","Petal",4.5,1.5
"versicolor","Petal",4.9,1.5
"versicolor","Petal",4,1.3
"versicolor","Petal",4.6,1.5
"versicolor","Petal",4.5,1.3
"versicolor","Petal",4.7,1.6
"versicolor","Petal",3.3,1
"versicolor","Petal",4.6,1.3
"versicolor","Petal",3.9,1.4
"versicolor","Petal",3.5,1
"versicolor","Petal",4.2,1.5
"versicolor","Petal",4,1
"versicolor","Petal",4.7,1.4
"versicolor","Petal",3.6,1.3
"versicolor","Petal",4.4,1.4
"versicolor","Petal",4.5,1.5
"versicolor","Petal",4.1,1
"versicolor","Petal",4.5,1.5
"versicolor","Petal",3.9,1.1
"versicolor","Petal",4.8,1.8
"versicolor","Petal",4,1.3
"versicolor","Petal",4.9,1.5
"versicolor","Petal",4.7,1.2
"versicolor","Petal",4.3,1.3
"versicolor","Petal",4.4,1.4
"versicolor","Petal",4.8,1.4
"versicolor","Petal",5,1.7
"versicolor","Petal",4.5,1.5
"versicolor","Petal",3.5,1
"versicolor","Petal",3.8,1.1
"versicolor","Petal",3.7,1
"versicolor","Petal",3.9,1.2
"versicolor","Petal",5.1,1.6
"versicolor","Petal",4.5,1.5
"versicolor","Petal",4.5,1.6
"versicolor","Petal",4.7,1.5
"versicolor","Petal",4.4,1.3
"versicolor","Petal",4.1,1.3
"versicolor","Petal",4,1.3
"versicolor","Petal",4.4,1.2
"versicolor","Petal",4.6,1.4
"versicolor","Petal",4,1.2
"versicolor","Petal",3.3,1
"versicolor","Petal",4.2,1.3
"versicolor","Petal",4.2,1.2
"versicolor","Petal",4.2,1.3
"versicolor","Petal",4.3,1.3
"versicolor","Petal",3,1.1
"versicolor","Petal",4.1,1.3
"versicolor","Sepal",7,3.2
"versicolor","Sepal",6.4,3.2
"versicolor","Sepal",6.9,3.1
"versicolor","Sepal",5.5,2.3
"versicolor","Sepal",6.5,2.8
"versicolor","Sepal",5.7,2.8
"versicolor","Sepal",6.3,3.3
"versicolor","Sepal",4.9,2.4
"versicolor","Sepal",6.6,2.9
"versicolor","Sepal",5.2,2.7
"versicolor","Sepal",5,2
"versicolor","Sepal",5.9,3
"versicolor","Sepal",6,2.2
"versicolor","Sepal",6.1,2.9
"versicolor","Sepal",5.6,2.9
"versicolor","Sepal",6.7,3.1
"versicolor","Sepal",5.6,3
"versicolor","Sepal",5.8,2.7
"versicolor","Sepal",6.2,2.2
"versicolor","Sepal",5.6,2.5
"versicolor","Sepal",5.9,3.2
"versicolor","Sepal",6.1,2.8
"versicolor","Sepal",6.3,2.5
"versicolor","Sepal",6.1,2.8
"versicolor","Sepal",6.4,2.9
"versicolor","Sepal",6.6,3
"versicolor","Sepal",6.8,2.8
"versicolor","Sepal",6.7,3
"versicolor","Sepal",6,2.9
"versicolor","Sepal",5.7,2.6
"versicolor","Sepal",5.5,2.4
"versicolor","Sepal",5.5,2.4
"versicolor","Sepal",5.8,2.7
"versicolor","Sepal",6,2.7
"versicolor","Sepal",5.4,3
"versicolor","Sepal",6,3.4
"versicolor","Sepal",6.7,3.1
"versicolor","Sepal",6.3,2.3
"versicolor","Sepal",5.6,3
"versicolor","Sepal",5.5,2.5
"versicolor","Sepal",5.5,2.6
"versicolor","Sepal",6.1,3
"versicolor","Sepal",5.8,2.6
"versicolor","Sepal",5,2.3
"versicolor","Sepal",5.6,2.7
"versicolor","Sepal",5.7,3
"versicolor","Sepal",5.7,2.9
"versicolor","Sepal",6.2,2.9
"versicolor","Sepal",5.1,2.5
"versicolor","Sepal",5.7,2.8
"virginica","Petal",6,2.5
"virginica","Petal",5.1,1.9
"virginica","Petal",5.9,2.1
"virginica","Petal",5.6,1.8
"virginica","Petal",5.8,2.2
"virginica","Petal",6.6,2.1
"virginica","Petal",4.5,1.7
"virginica","Petal",6.3,1.8
"virginica","Petal",5.8,1.8
"virginica","Petal",6.1,2.5
"virginica","Petal",5.1,2
"virginica","Petal",5.3,1.9
"virginica","Petal",5.5,2.1
"virginica","Petal",5,2
"virginica","Petal",5.1,2.4
"virginica","Petal",5.3,2.3
"virginica","Petal",5.5,1.8
"virginica","Petal",6.7,2.2
"virginica","Petal",6.9,2.3
"virginica","Petal",5,1.5
"virginica","Petal",5.7,2.3
"virginica","Petal",4.9,2
"virginica","Petal",6.7,2
"virginica","Petal",4.9,1.8
"virginica","Petal",5.7,2.1
"virginica","Petal",6,1.8
"virginica","Petal",4.8,1.8
"virginica","Petal",4.9,1.8
"virginica","Petal",5.6,2.1
"virginica","Petal",5.8,1.6
"virginica","Petal",6.1,1.9
"virginica","Petal",6.4,2
"virginica","Petal",5.6,2.2
"virginica","Petal",5.1,1.5
"virginica","Petal",5.6,1.4
"virginica","Petal",6.1,2.3
"virginica","Petal",5.6,2.4
"virginica","Petal",5.5,1.8
"virginica","Petal",4.8,1.8
"virginica","Petal",5.4,2.1
"virginica","Petal",5.6,2.4
"virginica","Petal",5.1,2.3
"virginica","Petal",5.1,1.9
"virginica","Petal",5.9,2.3
"virginica","Petal",5.7,2.5
"virginica","Petal",5.2,2.3
"virginica","Petal",5,1.9
"virginica","Petal",5.2,2
"virginica","Petal",5.4,2.3
"virginica","Petal",5.1,1.8
"virginica","Sepal",6.3,3.3
"virginica","Sepal",5.8,2.7
"virginica","Sepal",7.1,3
"virginica","Sepal",6.3,2.9
"virginica","Sepal",6.5,3
"virginica","Sepal",7.6,3
"virginica","Sepal",4.9,2.5
"virginica","Sepal",7.3,2.9
"virginica","Sepal",6.7,2.5
"virginica","Sepal",7.2,3.6
"virginica","Sepal",6.5,3.2
"virginica","Sepal",6.4,2.7
"virginica","Sepal",6.8,3
"virginica","Sepal",5.7,2.5
"virginica","Sepal",5.8,2.8
"virginica","Sepal",6.4,3.2
"virginica","Sepal",6.5,3
"virginica","Sepal",7.7,3.8
"virginica","Sepal",7.7,2.6
"virginica","Sepal",6,2.2
"virginica","Sepal",6.9,3.2
"virginica","Sepal",5.6,2.8
"virginica","Sepal",7.7,2.8
"virginica","Sepal",6.3,2.7
"virginica","Sepal",6.7,3.3
"virginica","Sepal",7.2,3.2
"virginica","Sepal",6.2,2.8
"virginica","Sepal",6.1,3
"virginica","Sepal",6.4,2.8
"virginica","Sepal",7.2,3
"virginica","Sepal",7.4,2.8
"virginica","Sepal",7.9,3.8
"virginica","Sepal",6.4,2.8
"virginica","Sepal",6.3,2.8
"virginica","Sepal",6.1,2.6
"virginica","Sepal",7.7,3
"virginica","Sepal",6.3,3.4
"virginica","Sepal",6.4,3.1
"virginica","Sepal",6,3
"virginica","Sepal",6.9,3.1
"virginica","Sepal",6.7,3.1
"virginica","Sepal",6.9,3.1
"virginica","Sepal",5.8,2.7
"virginica","Sepal",6.8,3.2
"virginica","Sepal",6.7,3.3
"virginica","Sepal",6.7,3
"virginica","Sepal",6.3,2.5
"virginica","Sepal",6.5,3
"virginica","Sepal",6.2,3.4
"virginica","Sepal",5.9,3
